INSERT INTO USERS VALUES('Gabriel_Urbaitis@Syntelinc.com', 'abC1@3deF', 'N');
INSERT INTO USERS VALUES('Jason_Richard@Syntelinc.com', 'abC1@3deF', 'N');
INSERT INTO USERS VALUES('Shengchun_liu@Syntelinc.com', 'abC1@3deF', 'N');
INSERT INTO USERS VALUES('Nicholas_Cook@Syntelinc.com', 'abC1@3deF', 'N');
INSERT INTO USERS VALUES('Daniel_Lowery@Syntelinc.com', 'abC1@3deF', 'N');
INSERT INTO USERS VALUES('Christopher_Foose@Syntelinc.com', 'abC1@3deF', 'N');
INSERT INTO USERS VALUES('Emmily_Lusz@Syntelinc.com', 'abC1@3deF', 'N');
INSERT INTO USERS VALUES('Jay_Patel@Syntelinc.com', 'abC1@3deF', 'Y');
INSERT INTO USERS VALUES('Junhua_Wu@Syntelinc.com', 'abC1@3deF', 'Y');
INSERT INTO USERS VALUES('Pearl_Matakatla@Syntelinc.com', 'abC1@3deF', 'N');

Insert INTO Stream VALUES ('FSD123', 'Java Full Stack Developer');
Insert INTO Stream VALUES ('BD456', 'Big Data');

Insert INTO Category VALUES ('FOUND01', 'Foundation');
Insert INTO Category VALUES ('SPEC01', 'Specialization');
Insert INTO Category VALUES ('PD01', 'Process and Domain');

INSERT INTO Employees VALUES('5060410', 'Gabriel Urbaitis', 'Gabriel_Urbaitis@Syntelinc.com');
INSERT INTO Employees VALUES('5060411', 'Jason Richard', 'Jason_Richard@Syntelinc.com');
INSERT INTO Employees VALUES('5060412', 'Shengchun Liu', 'Shengchun_liu@Syntelinc.com');
INSERT INTO Employees VALUES('5060413', 'Nicholas Cook', 'Nicholas_Cook@Syntelinc.com');
INSERT INTO Employees VALUES('5060414', 'Daniel Lowery', 'Daniel_Lowery@Syntelinc.com');
INSERT INTO Employees VALUES('5060415', 'Christopher Foose', 'Christopher_Foose@Syntelinc.com');
INSERT INTO Employees VALUES('5060416', 'Emmily Lusz', 'Emmily_Lusz@Syntelinc.com');
INSERT INTO Employees VALUES('5060417', 'Jay Patel', 'Jay_Patel@Syntelinc.com');
INSERT INTO Employees VALUES('5060418', 'Junhua Wu', 'Junhua_Wu@Syntelinc.com');
INSERT INTO Employees VALUES('5060419', 'Pearl Matakatla', 'Pearl_Matakatla@Syntelinc.com');
INSERT INTO Employees VALUES('5060420', 'Fake Employee 1', 'Emmily_Lusz@Syntelinc.com');
INSERT INTO Employees VALUES('5060421', 'Fake Employee 2', 'Emmily_Lusz@Syntelinc.com');
INSERT INTO Employees VALUES('5060422', 'Fake Employee 3', 'Emmily_Lusz@Syntelinc.com');
INSERT INTO Employees VALUES('5060423', 'Fake Employee 4', 'Emmily_Lusz@Syntelinc.com');
INSERT INTO Employees VALUES('5060424', 'Fake Employee 5', 'Emmily_Lusz@Syntelinc.com');
INSERT INTO Employees VALUES('5060425', 'Fake Employee 6', 'Emmily_Lusz@Syntelinc.com');
INSERT INTO Employees VALUES('5060426', 'Fake Employee 7', 'Emmily_Lusz@Syntelinc.com');
INSERT INTO Employees VALUES('5060427', 'Fake Employee 8', 'Emmily_Lusz@Syntelinc.com');
INSERT INTO Employees VALUES('5060428', 'Fake Employee 9', 'Emmily_Lusz@Syntelinc.com');
INSERT INTO Employees VALUES('5060429', 'Fake Employee 10', 'Emmily_Lusz@Syntelinc.com');
INSERT INTO Employees VALUES('5060430', 'Fake Employee 11', 'Emmily_Lusz@Syntelinc.com');
INSERT INTO Employees VALUES('5060431', 'Fake Employee 12', 'Emmily_Lusz@Syntelinc.com');

Insert INTO Modules VALUES(1, 'Responsive Web Design', 'FOUND01', 'FSD123');
Insert INTO Modules VALUES(2, 'Databases with Oracle', 'FOUND01', 'FSD123');
Insert INTO Modules VALUES(3, 'Core Java', 'SPEC01', 'FSD123');
Insert INTO Modules VALUES(4, 'Java Framework', 'SPEC01', 'FSD123');
Insert INTO Modules VALUES(5, 'ReactJS', 'SPEC01', 'FSD123');
Insert INTO Modules VALUES(6, 'Web Services and Automation Testing', 'SPEC01', 'FSD123');
Insert INTO Modules VALUES(7, 'Devops and Microservice Basics', 'PD01', 'FSD123');
Insert INTO Modules VALUES(8, 'Data Warehousing', 'FOUND01', 'BD456');
Insert INTO Modules VALUES(9, 'Clustered Computing', 'FOUND01', 'BD456');
Insert INTO Modules VALUES(10, 'Computing and Analyzing Data', 'FOUND01', 'BD456');

Insert INTO Courses VALUES('1', 'Responsive Web Design', '1');
Insert INTO Courses VALUES('2', 'Relational Database Management with Oracle', '2');
Insert INTO Courses VALUES('3', 'Programming with Java', '3');
Insert INTO Courses VALUES('4', 'Advanced Java - Spring Core', '4');
Insert INTO Courses VALUES('5', 'Advanced Java - Spring Web Applications', '4');
Insert INTO Courses VALUES('6', 'Responsive Web Design', '5');
Insert INTO Courses VALUES('7', 'Testing Overview', '6');
Insert INTO Courses VALUES('8', 'Selenium', '6');
Insert INTO Courses VALUES('9', 'Web Services', '6');
Insert INTO Courses VALUES('10', 'Spring Boot', '7');
Insert INTO Courses VALUES('11', 'Microservices Overview', '7');
Insert INTO Courses VALUES('12', 'Devops Overview', '7');
Insert INTO Courses VALUES('13', 'Build and Versioning Tools', '7');
INSERT INTO COURSES VALUES('14', 'MapReduce', '9');
INSERT INTO COURSES VALUES('15', 'Hadoop', '10');
INSERT INTO COURSES VALUES('16', '5C Architecture', '8');

Insert INTO Employees_Take_Modules VALUES('1', '5060410', 'BEST07', trunc(dbms_random.value(80,99), 2)); 
Insert INTO Employees_Take_Modules VALUES('3', '5060410', 'BEST07', trunc(dbms_random.value(80,99), 2));
Insert INTO Employees_Take_Modules VALUES('4', '5060410', 'BEST07', trunc(dbms_random.value(80,99), 2));
Insert INTO Employees_Take_Modules VALUES('1', '5060411', 'BEST07', trunc(dbms_random.value(80,99), 2));
Insert INTO Employees_Take_Modules VALUES('3', '5060411', 'BEST07', trunc(dbms_random.value(80,99), 2));
Insert INTO Employees_Take_Modules VALUES('4', '5060411', 'BEST07', trunc(dbms_random.value(80,99), 2));
Insert INTO Employees_Take_Modules VALUES('1', '5060412', 'BEST07', trunc(dbms_random.value(80,99), 2));
Insert INTO Employees_Take_Modules VALUES('3', '5060412', 'BEST07', trunc(dbms_random.value(80,99), 2));
Insert INTO Employees_Take_Modules VALUES('4', '5060412', 'BEST07', trunc(dbms_random.value(80,99), 2));
Insert INTO Employees_Take_Modules VALUES('1', '5060413', 'BEST07', trunc(dbms_random.value(80,99), 2));
Insert INTO Employees_Take_Modules VALUES('3', '5060413', 'BEST07', trunc(dbms_random.value(80,99), 2));
Insert INTO Employees_Take_Modules VALUES('4', '5060413', 'BEST07', trunc(dbms_random.value(80,99), 2));
Insert INTO Employees_Take_Modules VALUES('1', '5060418', 'BEST07', trunc(dbms_random.value(80,99), 2));
Insert INTO Employees_Take_Modules VALUES('3', '5060418', 'BEST07', trunc(dbms_random.value(80,99), 2));
Insert INTO Employees_Take_Modules VALUES('4', '5060418', 'BEST07', trunc(dbms_random.value(80,99), 2));
Insert INTO Employees_Take_Modules VALUES('1', '5060414', 'BEST07', trunc(dbms_random.value(80,99), 2));
Insert INTO Employees_Take_Modules VALUES('3', '5060414', 'BEST07', trunc(dbms_random.value(80,99), 2));
Insert INTO Employees_Take_Modules VALUES('4', '5060414', 'BEST07', trunc(dbms_random.value(80,99), 2));
Insert INTO Employees_Take_Modules VALUES('8', '5060415', 'BEST13', trunc(dbms_random.value(80,99), 2)); 
Insert INTO Employees_Take_Modules VALUES('2', '5060415', 'BEST13', trunc(dbms_random.value(80,99), 2));
Insert INTO Employees_Take_Modules VALUES('9', '5060415', 'BEST13', trunc(dbms_random.value(80,99), 2));
Insert INTO Employees_Take_Modules VALUES('8', '5060416', 'BEST13', trunc(dbms_random.value(80,99), 2));
Insert INTO Employees_Take_Modules VALUES('9', '5060416', 'BEST13', trunc(dbms_random.value(80,99), 2));
Insert INTO Employees_Take_Modules VALUES('2', '5060416', 'BEST13', trunc(dbms_random.value(80,99), 2));
Insert INTO Employees_Take_Modules VALUES('8', '5060417', 'BEST13', trunc(dbms_random.value(80,99), 2));
Insert INTO Employees_Take_Modules VALUES('2', '5060417', 'BEST13', trunc(dbms_random.value(80,99), 2));
Insert INTO Employees_Take_Modules VALUES('9', '5060417', 'BEST13', trunc(dbms_random.value(80,99), 2));
Insert INTO Employees_Take_Modules VALUES('9', '5060419', 'BEST13', trunc(dbms_random.value(80,99), 2));
Insert INTO Employees_Take_Modules VALUES('2', '5060419', 'BEST13', trunc(dbms_random.value(80,99), 2));
Insert INTO Employees_Take_Modules VALUES('8', '5060419', 'BEST13', trunc(dbms_random.value(80,99), 2));
Insert INTO Employees_Take_Modules VALUES('9', '5060420', 'AVG04', trunc(dbms_random.value(75,99), 2)); 
Insert INTO Employees_Take_Modules VALUES('5', '5060420', 'AVG04', trunc(dbms_random.value(75,99), 2));
Insert INTO Employees_Take_Modules VALUES('10', '5060420', 'AVG04', trunc(dbms_random.value(75,99), 2));
Insert INTO Employees_Take_Modules VALUES('9', '5060421', 'AVG04', trunc(dbms_random.value(75,99), 2));
Insert INTO Employees_Take_Modules VALUES('5', '5060421', 'AVG04', trunc(dbms_random.value(75,99), 2));
Insert INTO Employees_Take_Modules VALUES('10', '5060421', 'AVG04', trunc(dbms_random.value(75,99), 2));
Insert INTO Employees_Take_Modules VALUES('9', '5060422', 'AVG04', trunc(dbms_random.value(75,99), 2));
Insert INTO Employees_Take_Modules VALUES('5', '5060422', 'AVG04', trunc(dbms_random.value(75,99), 2));
Insert INTO Employees_Take_Modules VALUES('10', '5060422', 'AVG04', trunc(dbms_random.value(75,99), 2));
Insert INTO Employees_Take_Modules VALUES('2', '5060423', 'AVG26', trunc(dbms_random.value(75,99), 2)); 
Insert INTO Employees_Take_Modules VALUES('6', '5060423', 'AVG26', trunc(dbms_random.value(75,99), 2));
Insert INTO Employees_Take_Modules VALUES('9', '5060423', 'AVG26', trunc(dbms_random.value(75,99), 2));
Insert INTO Employees_Take_Modules VALUES('2', '5060424', 'AVG26', trunc(dbms_random.value(75,99), 2));
Insert INTO Employees_Take_Modules VALUES('6', '5060424', 'AVG26', trunc(dbms_random.value(75,99), 2));
Insert INTO Employees_Take_Modules VALUES('9', '5060424', 'AVG26', trunc(dbms_random.value(75,99), 2));
Insert INTO Employees_Take_Modules VALUES('2', '5060425', 'AVG26', trunc(dbms_random.value(75,99), 2));
Insert INTO Employees_Take_Modules VALUES('6', '5060425', 'AVG26', trunc(dbms_random.value(75,99), 2));
Insert INTO Employees_Take_Modules VALUES('9', '5060425', 'AVG26', trunc(dbms_random.value(75,99), 2));
Insert INTO Employees_Take_Modules VALUES('10', '5060426', 'POOR15', trunc(dbms_random.value(75,99), 2)); 
Insert INTO Employees_Take_Modules VALUES('8', '5060426', 'POOR15', trunc(dbms_random.value(75,99), 2));
Insert INTO Employees_Take_Modules VALUES('7', '5060426', 'POOR15', trunc(dbms_random.value(75,99), 2));
Insert INTO Employees_Take_Modules VALUES('10', '5060427', 'POOR15', trunc(dbms_random.value(75,99), 2));
Insert INTO Employees_Take_Modules VALUES('8', '5060427', 'POOR15', trunc(dbms_random.value(75,99), 2));
Insert INTO Employees_Take_Modules VALUES('7', '5060427', 'POOR15', trunc(dbms_random.value(75,99), 2));
Insert INTO Employees_Take_Modules VALUES('10', '5060428', 'POOR15', trunc(dbms_random.value(75,99), 2));
Insert INTO Employees_Take_Modules VALUES('8', '5060428', 'POOR15', trunc(dbms_random.value(75,99), 2));
Insert INTO Employees_Take_Modules VALUES('7', '5060428', 'POOR15', trunc(dbms_random.value(75,99), 2));
Insert INTO Employees_Take_Modules VALUES('3', '5060429', 'FAIL39', trunc(dbms_random.value(75,99), 2)); 
Insert INTO Employees_Take_Modules VALUES('4', '5060429', 'FAIL39', trunc(dbms_random.value(75,99), 2));
Insert INTO Employees_Take_Modules VALUES('5', '5060429', 'FAIL39', trunc(dbms_random.value(75,99), 2));
Insert INTO Employees_Take_Modules VALUES('3', '5060430', 'FAIL39', trunc(dbms_random.value(75,99), 2));
Insert INTO Employees_Take_Modules VALUES('4', '5060430', 'FAIL39', trunc(dbms_random.value(75,99), 2));
Insert INTO Employees_Take_Modules VALUES('5', '5060430', 'FAIL39', trunc(dbms_random.value(75,99), 2));
Insert INTO Employees_Take_Modules VALUES('3', '5060431', 'FAIL39', trunc(dbms_random.value(75,99), 2));
Insert INTO Employees_Take_Modules VALUES('4', '5060431', 'FAIL39', trunc(dbms_random.value(75,99), 2));
Insert INTO Employees_Take_Modules VALUES('5', '5060431', 'FAIL39', trunc(dbms_random.value(75,99), 2));
Insert INTO Employees_Take_Modules VALUES('1', '5060414', 'MIX8', trunc(dbms_random.value(80,99), 2));
Insert INTO Employees_Take_Modules VALUES('4', '5060414', 'MIX8', trunc(dbms_random.value(80,99), 2));
Insert INTO Employees_Take_Modules VALUES('6', '5060414', 'MIX8', trunc(dbms_random.value(80,99), 2));
Insert INTO Employees_Take_Modules VALUES('9', '5060414', 'MIX8', trunc(dbms_random.value(80,99), 2));
Insert INTO Employees_Take_Modules VALUES('1', '5060415', 'MIX8', trunc(dbms_random.value(80,99), 2));
Insert INTO Employees_Take_Modules VALUES('4', '5060415', 'MIX8', trunc(dbms_random.value(80,99), 2));
Insert INTO Employees_Take_Modules VALUES('6', '5060415', 'MIX8', trunc(dbms_random.value(80,99), 2));
Insert INTO Employees_Take_Modules VALUES('9', '5060415', 'MIX8', trunc(dbms_random.value(80,99), 2));
Insert INTO Employees_Take_Modules VALUES('1', '5060420', 'MIX8', trunc(dbms_random.value(80,99), 2));
Insert INTO Employees_Take_Modules VALUES('4', '5060420', 'MIX8', trunc(dbms_random.value(80,99), 2));
Insert INTO Employees_Take_Modules VALUES('6', '5060420', 'MIX8', trunc(dbms_random.value(80,99), 2));
Insert INTO Employees_Take_Modules VALUES('9', '5060420', 'MIX8', trunc(dbms_random.value(80,99), 2));
Insert INTO Employees_Take_Modules VALUES('1', '5060429', 'MIX8', trunc(dbms_random.value(80,99), 2));
Insert INTO Employees_Take_Modules VALUES('4', '5060429', 'MIX8', trunc(dbms_random.value(80,99), 2));
Insert INTO Employees_Take_Modules VALUES('6', '5060429', 'MIX8', trunc(dbms_random.value(80,99), 2));
Insert INTO Employees_Take_Modules VALUES('9', '5060429', 'MIX8', trunc(dbms_random.value(80,99), 2));

INSERT INTO Batches VALUES('BEST07', '25-APR-19', '14-JUN-19', 'FSD123', 'USA', 'Phoenix');
INSERT INTO Batches VALUES('BEST13', '07-FEB-19', '05-APR-19', 'BD456', 'Netherlands', 'Amsterdam');
INSERT INTO Batches VALUES('AVG04', '14-DEC-18', '28-JAN-19', 'BD456', 'USA', 'Collierville');
INSERT INTO Batches VALUES('AVG26', '22-OCT-18', '03-DEC-18', 'FSD123', 'Germany', 'Berlin');
INSERT INTO Batches VALUES('POOR15', '28-JUL-18', '17-OCT-18', 'BD456', 'India', 'Mumbai');
INSERT INTO Batches VALUES('FAIL39', '25-MAY-18', '14-JUL-18', 'FSD123', 'India', 'Chennai');
INSERT INTO Batches VALUES('MIX8', '03-MAR-16', '13-APR-16', 'FSD123', 'Russia', 'Moscow');

INSERT INTO Instructors_Teach_Batches VALUES('BEST07', 'Daniel_Lowery@Syntelinc.com');
INSERT INTO Instructors_Teach_Batches VALUES('BEST13', 'Nicholas_Cook@Syntelinc.com');
INSERT INTO Instructors_Teach_Batches VALUES('AVG04', 'Daniel_Lowery@Syntelinc.com');
INSERT INTO Instructors_Teach_Batches VALUES('AVG26', 'Nicholas_Cook@Syntelinc.com');
INSERT INTO Instructors_Teach_Batches VALUES('POOR15', 'Daniel_Lowery@Syntelinc.com');
INSERT INTO Instructors_Teach_Batches VALUES('FAIL39', 'Nicholas_Cook@Syntelinc.com');
INSERT INTO Instructors_Teach_Batches VALUES('POOR15', 'Nicholas_Cook@Syntelinc.com');
INSERT INTO Instructors_Teach_Batches VALUES('FAIL39', 'Daniel_Lowery@Syntelinc.com');
INSERT INTO Instructors_Teach_Batches VALUES('MIX8', 'Daniel_Lowery@Syntelinc.com');

COMMIT;